<?xml version="1.0" encoding="UTF-8"?>
<project-private xmlns="http://www.netbeans.org/ns/project-private/1">
    <editor-bookmarks xmlns="http://www.netbeans.org/ns/editor-bookmarks/2" lastBookmarkId="0"/>
    <open-files xmlns="http://www.netbeans.org/ns/projectui-open-files/2">
        <group>
            <file>file:/Users/northerncity/NetBeansProjects/JavaApplication2/src/javaapplication2/Category.java</file>
            <file>file:/Users/northerncity/NetBeansProjects/JavaApplication2/src/javaapplication2/UserPage.java</file>
            <file>file:/Users/northerncity/NetBeansProjects/JavaApplication2/src/javaapplication2/UserDashboard.java</file>
        </group>
    </open-files>
</project-private>
